{
  "Author": "Isolraine",
  "Name": "Blue Mage Helper - Endwalker",
  "InternalName": "BlueMageHelper",
  "AssemblyVersion": "1.0.0.0",
  "Description": "Adds monster names and coordinates to the \"Where to Learn\" section of your blue mage spellbook.",
  "ApplicableVersion": "any",
  "RepoUrl": "https://github.com/IsolatedRainbow/BlueMageHelper",
  "Tags": [
    "spells",
    "spellbook",
    "blu"
  ],
  "CategoryTags": [
    "jobs"
  ],
  "DalamudApiLevel": 5,
  "LoadPriority": 0,
  "IconUrl": "https://github.com/IsolatedRainbow/BlueMageHelper/blob/master/icon.png",
  "Punchline": "Helps you fill our your Blue Mage Spellbook"
}